<?xml version="1.0" encoding="utf-8" ?>

<component name="messageItem" extends="Group">
<interface>
    <!-- This is a MessageData object -->
    <field id="itemContent" type="node" onChange="itemContentChanged" />
</interface>
<script type="text/brightscript" uri="messageItem.brs" />

<children>
    <Rectangle id="backgroundRec" color="#696969">
        <LayoutGroup itemSpacings="10" vertAlignment="top" layoutDirection="vert">
            <LayoutGroup itemSpacings="0" layoutDirection="horiz" horizAlignment="center">
                <!-- This label will display the title -->
                <Label id="infoLBL" text="Text Goes Here" font="font:SmallSystemFont" wrap="true" />
            </LayoutGroup>
            <!-- This is the picture to show above the title -->
            <Poster id="seriesPic" translation="[10,10]" loadingBitmapUri="pkg:/images/ccm.bmp" loadDisplayMode="scaleToFit" />
            <Label id="descLBL" text="Text Goes Here" font="font:SmallSystemFont" wrap="true" />
        </LayoutGroup>
    </Rectangle>
</children>

</component>