<?xml version="1.0" encoding="utf-8" ?>

<component name="selectedSeries" extends="Scene">
<script type="text/brightscript" uri="selectedSeries.brs" />

<interface>
    <!-- Display this vid object -->
    <field id="vidObject" type="node" />
    <field id="empty" type="string" />
</interface>

<children>
    <!-- Tell the user that we are working on retrieving the data -->
    <Label id="infoLBL" height="720" width="1200" text="Retrieving Data..." horizAlign="center" vertAlign="center" font="font:LargeBoldSystemFont" />
    <Label id="emptyLBL" height="720" width="1200" text="Nothing to Display" horizAlign="center" vertAlign="center" font="font:LargeBoldSystemFont" visible="false" />

    <!-- This is the grid to show once the data has been retrieved from the API -->
    <RowList id="data" translation="[50,50]" visible="false" itemComponentName="messageItem" rowItemSpacing="[[15, 0]]" rowItemSize="[[400,600]]" itemSize="[1280, 720]" numRows="1" rowHeights="200" rowFocusAnimationStyle="fixedFocusWrap" />
</children>

</component>